<?xml version="1.0" encoding="UTF-8"?>
<project-private xmlns="http://www.netbeans.org/ns/project-private/1">
    <editor-bookmarks xmlns="http://www.netbeans.org/ns/editor-bookmarks/2" lastBookmarkId="0"/>
    <open-files xmlns="http://www.netbeans.org/ns/projectui-open-files/2">
        <group>
            <file>file:/C:/Users/Rasmus%20Thorsted/Desktop/Programmering/Webprogrammering%20-%20Eksempel/DatabaseApp/src/java/dataaccess/KayakMapper.java</file>
            <file>file:/C:/Users/Rasmus%20Thorsted/Desktop/Programmering/Webprogrammering%20-%20Eksempel/DatabaseApp/web/login.jsp</file>
            <file>file:/C:/Users/Rasmus%20Thorsted/Desktop/Programmering/Webprogrammering%20-%20Eksempel/DatabaseApp/src/java/dataaccess/UserMapper.java</file>
            <file>file:/C:/Users/Rasmus%20Thorsted/Desktop/Programmering/Webprogrammering%20-%20Eksempel/DatabaseApp/src/java/domain/User.java</file>
            <file>file:/C:/Users/Rasmus%20Thorsted/Desktop/Programmering/Webprogrammering%20-%20Eksempel/DatabaseApp/src/java/dataaccess/BookingMapper.java</file>
            <file>file:/C:/Users/Rasmus%20Thorsted/Desktop/Programmering/Webprogrammering%20-%20Eksempel/DatabaseApp/src/java/domain/Kayak.java</file>
            <file>file:/C:/Users/Rasmus%20Thorsted/Desktop/Programmering/Webprogrammering%20-%20Eksempel/DatabaseApp/web/showallkayaks.jsp</file>
            <file>file:/C:/Users/Rasmus%20Thorsted/Desktop/Programmering/Webprogrammering%20-%20Eksempel/DatabaseApp/src/java/presentation/Login.java</file>
            <file>file:/C:/Users/Rasmus%20Thorsted/Desktop/Programmering/Webprogrammering%20-%20Eksempel/DatabaseApp/web/css/normalize.css</file>
            <file>file:/C:/Users/Rasmus%20Thorsted/Desktop/Programmering/Webprogrammering%20-%20Eksempel/DatabaseApp/src/java/dataaccess/DB.java</file>
        </group>
    </open-files>
</project-private>
